name,instagram,category,city,source,username
Gourri Sharma,https://www.instagram.com/djgouri/,DJ,Delhi,Google,djgouri
Honey Arora,https://www.instagram.com/dj_honey_delhi/?hl=en,DJ,Delhi,Google,dj_honey_delhi
Anil Malhotra,https://www.instagram.com/dj_anil08/,DJ,Delhi,Google,dj_anil08
ÓrøÇhí🐉,https://www.instagram.com/dj_orochi/,DJ,Delhi,Google,dj_orochi
DJ KHUSHI KAWAL SONI,https://www.instagram.com/djkhushisoni/,DJ,Delhi,Google,djkhushisoni
Dj On Wheels Delhi,https://www.instagram.com/popular/dj-on-wheels-delhi/,DJ,Delhi,Google,popular
KASH,https://www.instagram.com/djkashindia/,DJ,Delhi,Google,djkashindia
𝐃𝐉 𝐂𝐇𝐄𝐓𝐀𝐍 𝐊𝐀𝐏𝐎𝐎𝐑,https://www.instagram.com/djchetankapoor/?hl=en,DJ,Delhi,Google,djchetankapoor
Instagram,https://www.instagram.com/popular/delhi-dj/reels/DFz-81ABSeU/,DJ,Delhi,Google,popular
Dj Devil Delhi,https://www.instagram.com/djdevildelhi/,DJ,Delhi,Google,djdevildelhi
Delhi Dj Packages,https://www.instagram.com/popular/delhi-dj-packages/,DJ,Delhi,Google,popular
Delhi's Best Wedding Djs,https://www.instagram.com/popular/delhi's-best-wedding-djs/,DJ,Delhi,Google,popular
ISHPREET SINGH,https://www.instagram.com/dj_ishy_official/,DJ,Delhi,Google,dj_ishy_official
DJ Puneet Bhatia | DJ in delhi | India,https://www.instagram.com/djpuneetbhatia/,DJ,Delhi,Google,djpuneetbhatia
DJ RAKSHIT,https://www.instagram.com/dj_rakshit/,DJ,Delhi,Google,dj_rakshit
DJASH,https://www.instagram.com/djash_delhi/,DJ,Delhi,Google,djash_delhi
Dj In Delhi • 5.5K reels on Instagram,https://www.instagram.com/popular/dj-in-delhi/,DJ,Delhi,Google,popular
Dj Based Band Delhi • 1.2K reels on Instagram,https://www.instagram.com/popular/dj-based-band-delhi/?utm_source=topic_pill,DJ,Delhi,Google,popular
DJ DEE DELHI,https://www.instagram.com/dinesh3821/,DJ,Delhi,Google,dinesh3821
Delhi block DJ,https://www.instagram.com/delhi_block__dj/,DJ,Delhi,Google,delhi_block__dj
Dilli Rockers,https://www.instagram.com/dillirockersband/,DJ,Delhi,Google,dillirockersband
Kavinder Jana,https://www.instagram.com/djkjdelhi/,DJ,Delhi,Google,djkjdelhi
DJ AV,https://www.instagram.com/djavofficial/,DJ,Delhi,Google,djavofficial
DJ NINJA DELHI 🇮🇳,https://www.instagram.com/djninjadelhi/,DJ,Delhi,Google,djninjadelhi
we are delhi dhol king,https://www.instagram.com/delhi_dhol_king/?hl=en,DJ,Delhi,Google,delhi_dhol_king
Mehul Pandit,https://www.instagram.com/mehulpanditmusic/?hl=en,Wedding Singer,Mumbai,Google,mehulpanditmusic
Dharmesh Joshi,https://www.instagram.com/dharmeshjoshiofficial/,Wedding Singer,Mumbai,Google,dharmeshjoshiofficial
Jyotsna Navandar | Singer - Songwriter,https://www.instagram.com/jyotsnanavandar/,Wedding Singer,Mumbai,Google,jyotsnanavandar
Tanvi Rane • Singer • Performer,https://www.instagram.com/_tanvi_rane_/?hl=en,Wedding Singer,Mumbai,Google,_tanvi_rane_
Tushaar Jule,https://www.instagram.com/tushaarjule/,Wedding Singer,Mumbai,Google,tushaarjule
Shanay Shah,https://www.instagram.com/shanayshahmusic/,Wedding Singer,Mumbai,Google,shanayshahmusic
Sahil Dhandhia | Singer | Songwriter | Luxury Wedding Band,https://www.instagram.com/sahildhandhia/,Wedding Singer,Mumbai,Google,sahildhandhia
The Performing Couple | Wedding & Corporate Events,https://www.instagram.com/mumbaicoupleduo/,Wedding Singer,Mumbai,Google,mumbaicoupleduo
Sairaah,https://www.instagram.com/sairaahlive/?hl=en,Wedding Singer,Mumbai,Google,sairaahlive
DJ ALEX Mumbai,https://www.instagram.com/djalexmumbai/,Wedding Singer,Mumbai,Google,djalexmumbai
Nikita Nebhwwani | best wedding anchor,https://www.instagram.com/anchor_nikita/,Anchor,India,Google,anchor_nikita
𝗥𝗵𝗲𝗮 𝗞𝘂𝗺𝗮𝗿 ¦ Emcee🎙️Anchor,https://www.instagram.com/anchor.rhea/,Anchor,India,Google,anchor.rhea
Sagar Kapoor | Anchor | Emcee,https://www.instagram.com/anchor.srk/?hl=en,Anchor,India,Google,anchor.srk
Nathasha Sam,https://www.instagram.com/mc_nathasha/?hl=en,Anchor,India,Google,mc_nathasha
Instagram,https://www.instagram.com/popular/indore-anchor-wedding-emcee/reels/DFcyU8sJWzu/,Anchor,India,Google,popular
Anita✨| Emcee,https://www.instagram.com/anchor_anita/,Anchor,India,Google,anchor_anita
Instagram,https://www.instagram.com/popular/indore-anchor-wedding-emcee/reels/DBiG2A0Mx5p/,Anchor,India,Google,popular
Sushmita Sethia | EMCEE,https://www.instagram.com/anchor_sushmitasethia/,Anchor,India,Google,anchor_sushmitasethia
AnchorVidisha,https://www.instagram.com/anchorvidisha/,Anchor,India,Google,anchorvidisha
Isha Bhalla | Anchor | Emcee,https://www.instagram.com/emcee_ishabhalla/,Anchor,India,Google,emcee_ishabhalla
𝗔𝗻𝗰𝗵𝗼𝗿 𝗔𝗶𝗺𝗮𝗻,https://www.instagram.com/anchoraiman/?hl=en,Anchor,India,Google,anchoraiman
Bhavya Chauhan,https://www.instagram.com/anchorbhavyachauhan/,Anchor,India,Google,anchorbhavyachauhan
Emcee kashish,https://www.instagram.com/anchor_kashish0/?hl=en,Anchor,India,Google,anchor_kashish0
Anchor Akira | Wedding Anchor | Influncer,https://www.instagram.com/emceeakira/?hl=en,Anchor,India,Google,emceeakira
Anchor Tallani | Celebrity wedding & Corporate emcee,https://www.instagram.com/anchortallani/,Anchor,India,Google,anchortallani
EmceePriyankamalhotra23,https://www.instagram.com/emceepriyankamalhotra23/,Anchor,India,Google,emceepriyankamalhotra23
Rohan Joshi | Corporate & Wedding Emcee,https://www.instagram.com/therohanjoshi/,Anchor,India,Google,therohanjoshi
ARTIST | ANCHOR | VOICEOVER | POOJA,https://www.instagram.com/anchorbeyond_pooja/?hl=en,Anchor,India,Google,anchorbeyond_pooja
Anchor Abhishek Mhatre 🔹 🇦🇪🇻🇳🇧🇩🇪🇬,https://www.instagram.com/anchor_abhishekm/,Anchor,India,Google,anchor_abhishekm
Emcee Anika,https://www.instagram.com/anie05__/?hl=en,Anchor,India,Google,anie05__
Anchor | Entertainer | Serial Party Starter,https://www.instagram.com/emceekrishna/,Anchor,India,Google,emceekrishna
MC VidhyaAcharya,https://www.instagram.com/emcee_vidya/?hl=en,Anchor,India,Google,emcee_vidya
Anchor 𝐑𝐚𝐜𝐡𝐢𝐭 𝐆𝐮𝐩𝐭𝐚,https://www.instagram.com/anchorrachitgupta/,Anchor,India,Google,anchorrachitgupta
MC Deepika Jain|ANCHOR| EMCEE | HOST🎤,https://www.instagram.com/emcee_deepikajain/,Anchor,India,Google,emcee_deepikajain
EMCEE Akanksha,https://www.instagram.com/anchor_akanksha26/,Anchor,India,Google,anchor_akanksha26
Ankita sharma,https://www.instagram.com/emceeankita/,Anchor,India,Google,emceeankita
Reshma Remesh🧿🦋 /anchor🎤/emcee,https://www.instagram.com/mc_reshma_remesh/?hl=en,Anchor,India,Google,mc_reshma_remesh
"MC Ashika [Emcee, Anchor ,Host and Singer]",https://www.instagram.com/anchor_ashika/,Anchor,India,Google,anchor_ashika
Anchor JK,https://www.instagram.com/anchor_jk/?hl=en,Anchor,India,Google,anchor_jk
Bhawna Jain🎤ANCHOR • ENTERTAINER • EMCEE •,https://www.instagram.com/anchorbhawnajain/,Anchor,India,Google,anchorbhawnajain
Anchor Simran Mulchandani | Ahmedabad | Hyderabad,https://www.instagram.com/emceesimran/,Anchor,India,Google,emceesimran
Emcee_shainakhan,https://www.instagram.com/emceeshainakhan/,Anchor,India,Google,emceeshainakhan
Nidhi | Emcee • MICE Host • Anchor,https://www.instagram.com/nidhi_rahangdale_/,Anchor,India,Google,nidhi_rahangdale_
Emcee | Anchor | Rahul Singh RB,https://www.instagram.com/anchor_rahulsingh_rb/?hl=en,Anchor,India,Google,anchor_rahulsingh_rb
Bhoomika Choudhary Emcee,https://www.instagram.com/anchor_bhoomika_choudhary/?hl=en,Anchor,India,Google,anchor_bhoomika_choudhary
The Wedding Anchor Junaid Arif Currimbhoy,https://www.instagram.com/theweddinganchor/,Anchor,India,Google,theweddinganchor
Roop Aggarwal | Anchor | Emcee,https://www.instagram.com/roopaggarwal/?hl=en,Anchor,India,Google,roopaggarwal
